dataset,model,accuracy,auc_ovo,gmean,cross_entropy,n_samples_train,n_samples_test,n_features,n_classes,tuning_time,training_time,prediction_time,total_time,hp_n_estimators,hp_max_depth,hp_learning_rate,hp_subsample,hp_colsample_bytree,hp_min_child_samples,hp_reg_alpha,hp_reg_lambda,hp_num_leaves
wdbc,lightgbm,0.9649122807017544,0.9884637850467289,0.962497724235688,0.11677216848492682,398,171,30,2,26.391427278518677,0.04886913299560547,0.0029926300048828125,26.443289041519165,288,9,0.061858058194804465,0.8812925628316273,0.7348466085392096,66,0.792731112895739,0.014015836934028025,120
