dataset,model,accuracy,auc_ovo,gmean,cross_entropy,n_samples_train,n_samples_test,n_features,n_classes,tuning_time,training_time,prediction_time,total_time,hp_n_estimators,hp_max_depth,hp_learning_rate,hp_subsample,hp_colsample_bytree,hp_min_child_samples,hp_reg_alpha,hp_reg_lambda,hp_num_leaves
pc4,lightgbm,0.910958904109589,0.9276157804459692,0.7135060680126757,0.2173678491916781,1020,438,37,2,64.12951231002808,0.12865614891052246,0.007978677749633789,64.26614713668823,334,5,0.04499627128921318,0.9262586456823296,0.9547178385309042,61,0.7722903588551377,0.353354767120337,68
