dataset,model,accuracy,auc_ovo,gmean,cross_entropy,n_samples_train,n_samples_test,n_features,n_classes,tuning_time,training_time,prediction_time,total_time,hp_n_estimators,hp_max_depth,hp_learning_rate,hp_subsample,hp_colsample_bytree,hp_min_child_samples,hp_reg_alpha,hp_reg_lambda,hp_num_leaves
qsar-biodeg,lightgbm,0.861198738170347,0.9075656430796618,0.8227408685094115,0.39390022343581604,738,317,41,2,57.70269823074341,0.12466740608215332,0.0059833526611328125,57.833348989486694,332,9,0.0738836532390207,0.8577953250040635,0.7509758895683415,59,0.22197236910001117,0.1080845818572422,85
