dataset,model,accuracy,auc_ovo,gmean,cross_entropy,n_samples_train,n_samples_test,n_features,n_classes,tuning_time,training_time,prediction_time,total_time,hp_n_estimators,hp_max_depth,hp_learning_rate,hp_subsample,hp_colsample_bytree,hp_min_child_samples,hp_reg_alpha,hp_reg_lambda,hp_num_leaves
vowel,lightgbm,0.9191919191919192,0.9947125576755207,0.914635296960893,0.2868763315460716,693,297,27,11,390.99245858192444,1.264617681503296,0.06382894515991211,392.32090520858765,451,10,0.17265193035375012,0.6875496181104785,0.6809842488703094,30,0.011276685574300623,0.8785149582603874,123
