dataset,model,accuracy,auc_ovo,gmean,cross_entropy,n_samples_train,n_samples_test,n_features,n_classes,tuning_time,training_time,prediction_time,total_time,hp_n_estimators,hp_max_depth,hp_learning_rate,hp_subsample,hp_colsample_bytree,hp_min_child_weight,hp_gamma,hp_reg_alpha,hp_reg_lambda
diabetes,xgboost,0.7532467532467533,0.8275720164609053,0.714344500814293,0.48466878135965036,537,231,8,2,85.52702689170837,0.16107487678527832,0.0029921531677246094,85.69109392166138,450,8,0.015877059208677075,0.7531074345583332,0.8874264525940074,9,0.11932329434012603,0.874160263869664,0.07674835587234126
