dataset,model,accuracy,auc_ovo,gmean,cross_entropy,n_samples_train,n_samples_test,n_features,n_classes,tuning_time,training_time,prediction_time,total_time,hp_n_estimators,hp_max_depth,hp_learning_rate,hp_subsample,hp_colsample_bytree,hp_min_child_weight,hp_gamma,hp_reg_alpha,hp_reg_lambda
eucalyptus,xgboost,0.6561085972850679,0.8960445509110875,0.591619848370616,0.8158119884720192,515,221,91,5,240.5192575454712,0.19598078727722168,0.0029931068420410156,240.71823143959045,162,6,0.28562177063810196,0.8077940477039237,0.8451578103051871,2,0.4131704002534166,0.6030601284109274,0.5450680064664649
