dataset,model,accuracy,auc_ovo,gmean,cross_entropy,n_samples_train,n_samples_test,n_features,n_classes,tuning_time,training_time,prediction_time,total_time,hp_n_estimators,hp_max_depth,hp_learning_rate,hp_subsample,hp_colsample_bytree,hp_min_child_weight,hp_gamma,hp_reg_alpha,hp_reg_lambda
qsar-biodeg,xgboost,0.8391167192429022,0.8934134401424121,0.807838765655041,0.3876344374942228,738,317,41,2,87.31430387496948,0.12765884399414062,0.0019943714141845703,87.44395709037781,286,8,0.06166205115965725,0.9793655284804462,0.7721730364190009,9,0.42448633541711595,0.19173234647430537,0.9872456645768442
