dataset,model,accuracy,auc_ovo,gmean,cross_entropy,n_samples_train,n_samples_test,n_features,n_classes,tuning_time,training_time,prediction_time,total_time,hp_n_estimators,hp_max_depth,hp_learning_rate,hp_subsample,hp_colsample_bytree,hp_min_child_weight,hp_gamma,hp_reg_alpha,hp_reg_lambda
vowel,xgboost,0.9023569023569024,0.994799850355406,0.8991889416988326,0.3679911171445169,693,297,27,11,686.9035873413086,1.6884853839874268,0.009973764419555664,688.6020464897156,430,8,0.031681099104965964,0.6437103702205724,0.660952970124612,2,0.08477752850314882,0.04471164124688819,0.8033055369696983
